title,company,location,link
데이터 분석가 (Business Intelligence Analyst),"
코스닥 상장 중견 게임기업",서울 강남구,https://kr.indeed.com/viewjob?jk=c1037225077ca4da&tk=1e2uhpd790tjk000&from=serp&vjs=3
[Search & Clova] Clova AI 인재,"
네이버",대한민국,https://kr.indeed.com/viewjob?jk=92bd400e3b5306ba&tk=1e2uhpd790tjk000&from=serp&vjs=3
[Search & Clova] Clova 체험형 인턴,"
네이버",대한민국,https://kr.indeed.com/viewjob?jk=b4b6ee0fd83b8ce1&tk=1e2uhpd790tjk000&from=serp&vjs=3
[Search & Clova] 네이버 Data Science 데이터 분석 신입/경력사원,"
네이버",대한민국,https://kr.indeed.com/viewjob?jk=9e73c6c0c12902dd&tk=1e2uhpd790tjk000&from=serp&vjs=3
Global Music 데이터 분석가 연계형 인턴십,"
네이버",대한민국,https://kr.indeed.com/viewjob?jk=2cd6b141cc9905a7&tk=1e2uhpd790tjk000&from=serp&vjs=3
[전문연구요원] 상시,"
네이버",대한민국,https://kr.indeed.com/viewjob?jk=b79c2ae536063b01&tk=1e2uhpd790tjk000&from=serp&vjs=3
"[해외취업] 캐나다, Framestore, Animator","
Framestore",대한민국,https://kr.indeed.com/viewjob?jk=429ae4f58dbeb553&tk=1e2uhpd790tjk000&from=serp&vjs=3
Algorithm Application Engineer,"
Garrett Advancing Motion",경기도,https://kr.indeed.com/viewjob?jk=8c47e8f334705d2e&tk=1e2uhpd790tjk000&from=serp&vjs=3
[동영상플랫폼] 연계형 인턴십,"
네이버",대한민국,https://kr.indeed.com/viewjob?jk=e65a195da656bcdc&tk=1e2uhpd790tjk000&from=serp&vjs=3
[Search & Clova] NAVER Search 이미지 검색서버개발 신입/경력사원,"
네이버",대한민국,https://kr.indeed.com/viewjob?jk=a771637c0eeffc26&tk=1e2uhpd790tjk000&from=serp&vjs=3
네이버 쇼핑검색플랫폼 개발자,"
네이버",대한민국,https://kr.indeed.com/viewjob?jk=f3a14b3f8d9e3e12&tk=1e2uhpd790tjk000&from=serp&vjs=3
MPK / MPI-SD Joint Postdoctoral Position for Ultrafast Nonlinear Spectroscopy in Solids (Theory),"
POSTECH / Max Planck POSTECH/KOREA Res. Init.",대한민국,https://kr.indeed.com/viewjob?jk=e11bc11a4d72cc54&tk=1e2uhpd790tjk000&from=serp&vjs=3
MPK / MPI-SD Joint Postdoctoral Position for Ultrafast Nonlinear Spectroscopy in Solids (Theory),"
POSTECH / Max Planck POSTECH/KOREA Res. Init.",대한민국,https://kr.indeed.com/viewjob?jk=e11bc11a4d72cc54&tk=1e2uhpd790tjk000&from=serp&vjs=3
Process & Data Scientist,"
Applied Materials Inc.",대한민국,https://kr.indeed.com/viewjob?jk=b87ff4aabad6e65e&tk=1e2uhpd790tjk000&from=serp&vjs=3
Physical Implementation Engineer,"
SiFive",대한민국,https://kr.indeed.com/viewjob?jk=55537575b7dd8d87&tk=1e2uhpd790tjk000&from=serp&vjs=3
[Search & Clova] AI 시스템 (성능) 개발자 신입/경력사원,"
네이버",대한민국,https://kr.indeed.com/viewjob?jk=9136552822e7c54f&tk=1e2uhpd790tjk000&from=serp&vjs=3
데이터 분석가,,성남 판교역,https://kr.indeed.com/viewjob?jk=092d062a6faa7139&tk=1e2uhpd790tjk000&from=serp&vjs=3
Senior Consultant / Applications Engineers,"
Process Systems Enterprise Limited",대전,https://kr.indeed.com/viewjob?jk=1b0be42764835ab3&tk=1e2uhpd790tjk000&from=serp&vjs=3
네이버 UGC 데이터 분석/운영 개발자,"
네이버",대한민국,https://kr.indeed.com/viewjob?jk=fd67d04ed1642339&tk=1e2uhpd790tjk000&from=serp&vjs=3
Application Analyst,,대전,https://kr.indeed.com/viewjob?jk=c3c0448a294b2db0&tk=1e2uhpd790tjk000&from=serp&vjs=3
Junior network admin,"
WangsuTech",서울,https://kr.indeed.com/viewjob?jk=a030a599df3b6b76&tk=1e2uhpd790tjk000&from=serp&vjs=3
[네이버파이낸셜] CSS 모델 개발 및 운영 담당자,"
네이버",대한민국,https://kr.indeed.com/viewjob?jk=20604c00a91032e4&tk=1e2uhpd790tjk000&from=serp&vjs=3
Staff RF Production Test Engineer,,서울,https://kr.indeed.com/viewjob?jk=b085b3c302873fcc&tk=1e2uhpd790tjk000&from=serp&vjs=3
데이터 분석가 (Business Intelligence Analyst),"
코스닥 상장 중견 게임기업",서울 강남구,https://kr.indeed.com/viewjob?jk=c1037225077ca4da&tk=1e2uhpd790tjk000&from=serp&vjs=3
데이터 분석가 (Business Intelligence Analyst),"
코스닥 상장 중견 게임기업",서울 강남구,https://kr.indeed.com/viewjob?jk=c1037225077ca4da&tk=1e2uhpd790tjk000&from=serp&vjs=3
[Autonomous Driving] Virtual Environment Simulation Engineer,"
네이버",대한민국,https://kr.indeed.com/viewjob?jk=5ed0334bca0963cb&tk=1e2uhpd790tjk000&from=serp&vjs=3
Linux Developer,"
Wayne Inc.",인천,https://kr.indeed.com/viewjob?jk=898c115c445ae128&tk=1e2uhpd790tjk000&from=serp&vjs=3
네이버 일본 맛집 서비스 CONOMI 머신러닝 개발자,"
네이버",대한민국,https://kr.indeed.com/viewjob?jk=feac8a234b715106&tk=1e2uhpd790tjk000&from=serp&vjs=3
Financial Controller with Data Science,,대한민국,https://kr.indeed.com/viewjob?jk=6218cd959f0f6bd4&tk=1e2uhpd790tjk000&from=serp&vjs=3
[월간 카카오 3월] AdTech/비즈플랫폼 주니어 경력 개발자,,대한민국,https://kr.indeed.com/viewjob?jk=95ac4ab8946165ed&tk=1e2uhpd790tjk000&from=serp&vjs=3
[Search & Clova] BigData and AI Platform S/W엔지니어 신입/경력사원,"
네이버",대한민국,https://kr.indeed.com/viewjob?jk=7d85150a375cfacf&tk=1e2uhpd790tjk000&from=serp&vjs=3
[Search&Clova] Clova 챗봇 Platform 개발 신입/경력사원,"
네이버",대한민국,https://kr.indeed.com/viewjob?jk=b2cfcc7d4b79c216&tk=1e2uhpd790tjk000&from=serp&vjs=3
Design for Test (DFT) Engineer,"
SiFive",대한민국,https://kr.indeed.com/viewjob?jk=6c6ccc05ec15dc41&tk=1e2uhpd790tjk000&from=serp&vjs=3
백엔드 엔지니어 (e-커머스),"
리디",서울특별시,https://kr.indeed.com/viewjob?jk=fb0d4b29731b536d&tk=1e2uhpd790tjk000&from=serp&vjs=3
AI agent QA(Quality Assurance) Engineer,,대한민국,https://kr.indeed.com/viewjob?jk=7ef22311fbf5c3c0&tk=1e2uhpd790tjk000&from=serp&vjs=3
MPK / MPI-SD Joint Postdoctoral Position for Ultrafast Nonlinear Spectroscopy in Solids (Theory),"
POSTECH / Max Planck POSTECH/KOREA Res. Init.",대한민국,https://kr.indeed.com/viewjob?jk=e11bc11a4d72cc54&tk=1e2uhpd790tjk000&from=serp&vjs=3
MPK / MPI-SD Joint Postdoctoral Position for Ultrafast Nonlinear Spectroscopy in Solids (Theory),"
POSTECH / Max Planck POSTECH/KOREA Res. Init.",대한민국,https://kr.indeed.com/viewjob?jk=e11bc11a4d72cc54&tk=1e2uhpd790tjk000&from=serp&vjs=3
[Search & Clova] 글로벌 콘텐츠 검색/ AI 기술 개발 신입/경력사원,"
네이버",대한민국,https://kr.indeed.com/viewjob?jk=90104004fabe2502&tk=1e2uhpd790tjk000&from=serp&vjs=3
"Design Consultant, Sr II","
Synopsys",대한민국,https://kr.indeed.com/viewjob?jk=33da210b05e4dac7&tk=1e2uhpd790tjk000&from=serp&vjs=3
Data Scientist,,서울,https://kr.indeed.com/viewjob?jk=ce6747e77c861c46&tk=1e2uhpd790tjk000&from=serp&vjs=3
정보보안 담당자,"
Nexon",성남 분당구,https://kr.indeed.com/viewjob?jk=e1719c3044cb5bd1&tk=1e2uhpd790tjk000&from=serp&vjs=3
[개발]위메프패션 백엔드 개발자(정규직),,대한민국,https://kr.indeed.com/viewjob?jk=b0e9252f0c2cf6ec&tk=1e2uhpd790tjk000&from=serp&vjs=3
[개발]상담시스템 백엔드 개발자(정규직),,대한민국,https://kr.indeed.com/viewjob?jk=9b123ff73f89c0e5&tk=1e2uhpd790tjk000&from=serp&vjs=3
"Software Engineer, University Graduate",,서울,https://kr.indeed.com/viewjob?jk=effcb5381cceb13b&tk=1e2uhpd790tjk000&from=serp&vjs=3
Data Analyst,"
Axiologic Solutions",서울,https://kr.indeed.com/viewjob?jk=eb45c08f4c4a43d8&tk=1e2uhpd790tjk000&from=serp&vjs=3
[Search&Clova] Clova AI / AiCall 개발자 경력사원,"
네이버",대한민국,https://kr.indeed.com/viewjob?jk=7db25ada717266e0&tk=1e2uhpd790tjk000&from=serp&vjs=3
데이터 엔지니어,"
리디",서울특별시,https://kr.indeed.com/viewjob?jk=1937ebb0ea172f08&tk=1e2uhpd790tjk000&from=serp&vjs=3
데이터 분석가 (Business Intelligence Analyst),"
코스닥 상장 중견 게임기업",서울 강남구,https://kr.indeed.com/viewjob?jk=c1037225077ca4da&tk=1e2uhpd790tjk000&from=serp&vjs=3
데이터 분석가 (Business Intelligence Analyst),"
코스닥 상장 중견 게임기업",서울 강남구,https://kr.indeed.com/viewjob?jk=c1037225077ca4da&tk=1e2uhpd790tjk000&from=serp&vjs=3
Support Engineer,,서울,https://kr.indeed.com/viewjob?jk=0bbf23c0930be392&tk=1e2uhpd790tjk000&from=serp&vjs=3
2020년 경력사원 공개,,서울 종로구,https://kr.indeed.com/viewjob?jk=ff04e97830ca895a&tk=1e2uhpd790tjk000&from=serp&vjs=3
"Partner Engineer, Google Assistant",,서울,https://kr.indeed.com/viewjob?jk=c6398dbbd3c4f4d9&tk=1e2uhpd790tjk000&from=serp&vjs=3
[Search & Clova] 네이버 웹검색 연구/개발 경력사원,"
네이버",대한민국,https://kr.indeed.com/viewjob?jk=37127548f83bb7f7&tk=1e2uhpd790tjk000&from=serp&vjs=3
추천 통계분석/데이터사이언티스트,,성남 판교역,https://kr.indeed.com/viewjob?jk=bfe0f5ac4f32ec89&tk=1e2uhpd790tjk000&from=serp&vjs=3
광학솔루션사업부 경력사원 (인재Pool),,경상북도 구미,https://kr.indeed.com/viewjob?jk=b8f9206dc9c4a886&tk=1e2uhpd790tjk000&from=serp&vjs=3
Data Scientist,"
Supercell",서울,https://kr.indeed.com/viewjob?jk=554c2e55cc985488&tk=1e2uhpd790tjk000&from=serp&vjs=3
"Research Intern, 2020",,서울,https://kr.indeed.com/viewjob?jk=9a17133e36675189&tk=1e2uhpd790tjk000&from=serp&vjs=3
AI 기반 로봇 서비스 개발 그룹 IT 인프라 구축,"
그룹 IT 인프라 구축",서울특별시,https://kr.indeed.com/viewjob?jk=d9086035792f01d0&tk=1e2uhpd790tjk000&from=serp&vjs=3
AI/빅데이터 분야 (인재 Pool),,서울,https://kr.indeed.com/viewjob?jk=fb617eeb80ea6fa9&tk=1e2uhpd790tjk000&from=serp&vjs=3
MPK / MPI-SD Joint Postdoctoral Position for Ultrafast Nonlinear Spectroscopy in Solids (Theory),"
POSTECH / Max Planck POSTECH/KOREA Res. Init.",대한민국,https://kr.indeed.com/viewjob?jk=e11bc11a4d72cc54&tk=1e2uhpd790tjk000&from=serp&vjs=3
Python Full-Stack Engineer,PicnicHealth,"San Francisco, CA",https://stackoverflow.com/jobs/250354
"Senior Software Developer, Python/Django",Spiria Digital,"Oakville, ON, Canada",https://stackoverflow.com/jobs/367242
Software Engineer - Python,Hyperia,"Denver, CO",https://stackoverflow.com/jobs/366173
Python Backend Engineer,Tessian,"London, UK",https://stackoverflow.com/jobs/288862
(Senior) Full-Stack Software Engineer who loves Python,Advertima,"Berlin, Germany",https://stackoverflow.com/jobs/371811
Sr. Python Engineer,BlueVine,"Redwood City, CA",https://stackoverflow.com/jobs/290573
Python Backend Developer,The Appraisal Lane,"Montevideo, Uruguay",https://stackoverflow.com/jobs/366167
Backend / Python Developer,Bought By ManyviaSpinks,"Birmingham, UK",https://stackoverflow.com/jobs/341138
Senior Python Developer,Tibil Solutions,"Bengaluru, India",https://stackoverflow.com/jobs/349807
Python Developer-CISCO- Bangalore,CISCO -Bangalore,"Bengaluru, India",https://stackoverflow.com/jobs/362950
Senior Software Engineer - BackEnd [Python / Flask / AWS],3D Hubs,"Amsterdam, Netherlands",https://stackoverflow.com/jobs/371102
Python Backend Developer (Bayes) (d/f/m),Bayes Esports Solutions GmbH,"Berlin, Deutschland",https://stackoverflow.com/jobs/364161
Senior Software Engineer - Python,Taxa Network,"San Francisco, CA",https://stackoverflow.com/jobs/369399
Senior Python Engineer,Bulb Energy,"London, UK",https://stackoverflow.com/jobs/363476
Python Architect,Hashedin,"Bengaluru, India",https://stackoverflow.com/jobs/349741
Senior Python Developer,Zumper,"Providence, RI",https://stackoverflow.com/jobs/288766
Softwareentwickler Python,Paessler AG,"Nürnberg, Deutschland",https://stackoverflow.com/jobs/308039
Python Developer,Picnic,"Amsterdam, Netherlands",https://stackoverflow.com/jobs/292346
Software Developer Python,Husys,"Hyderabad, India",https://stackoverflow.com/jobs/364529
Mid-Level Backend Software Engineer (Python / Django),Tivix,"Wrocław, Poland",https://stackoverflow.com/jobs/347101
"Senior Full-stack Software Engineer (Ruby, Python)",Transfix,"New York, NY",https://stackoverflow.com/jobs/346050
Software Engineer - mid-senior; python & javascript,Envelop Risk,"Bristol, UK",https://stackoverflow.com/jobs/355667
Product Engineer (Backend) - Python,Egnify Technologies,"Hyderabad, India",https://stackoverflow.com/jobs/352863
Python/Django Developer (m/f/d),social sweethearts® GmbH,"München, Deutschland",https://stackoverflow.com/jobs/266546
Backend Software Engineer (Python),Finsera,No office location,https://stackoverflow.com/jobs/359294
Senior Python Software Engineer,YouGov,"Warsaw, Poland",https://stackoverflow.com/jobs/308771
Senior Python Backend Developer,Finpoint,"Bengaluru, India",https://stackoverflow.com/jobs/349797
Python Developer,Karvy Analytics,"Hyderabad, India",https://stackoverflow.com/jobs/364556
開発×Python,株式会社キャリアデザインITパートナーズ,"Chiyoda City, Japan",https://stackoverflow.com/jobs/369224
"Full-Stack Developer (Ruby, Python)",Transfix,"New York, NY",https://stackoverflow.com/jobs/287548
Python Software Engineer (40h/wk),Channable,"Utrecht, Netherlands",https://stackoverflow.com/jobs/265091
PYTHON DEVELOPER,Mintopps,"Hyderabad, India",https://stackoverflow.com/jobs/343524
Mid-level / Senior FullStack Python Engineer in beautiful Prague,Aktis,"Hlavní město Praha, Czechia",https://stackoverflow.com/jobs/362026
Senior Python Developer,FeedStockviaTroi,"London, UK",https://stackoverflow.com/jobs/370749
Senior Python Engineer (m/f/d),Bonial International GmbH,"Berlin, Germany",https://stackoverflow.com/jobs/372296
Python Developers,Diverse Lynx India,"Pune, India",https://stackoverflow.com/jobs/347295
Senior Full-stack web developer - Python,CBOE Global MarketsviaHays plc,"London, UK",https://stackoverflow.com/jobs/355023
Python Developer,Inspire Global Solutions,"Mysuru, India",https://stackoverflow.com/jobs/347298
Software Developer - Python / AWS - India,HEROIC Cybersecurity,"Pune, India",https://stackoverflow.com/jobs/371935
Senior Python Developer,Lab Technologies SA,"Chiasso, Switzerland",https://stackoverflow.com/jobs/331824
Backend Engineer - Python (m/f/d),FINEWAY,"Munich, Germany",https://stackoverflow.com/jobs/333801
"Senior Backend Engineer (Ruby, Python)",Transfix,"New York, NY",https://stackoverflow.com/jobs/284193
Python Developer,InfoMagnus,"Hyderabad, India",https://stackoverflow.com/jobs/343508
Python Developer,Cocoslabs,"Belgaum, India",https://stackoverflow.com/jobs/347285
Software Engineer (Python - Web/Backend),READY Robotics,"Columbus, OH",https://stackoverflow.com/jobs/337654
Senior Backend / Python Developer (m/f/d),byrd technologies GmbH,"Berlin, Deutschland",https://stackoverflow.com/jobs/353116
Python/Django Software Developer (m/w/d),ClimatePartner,"München, Deutschland",https://stackoverflow.com/jobs/361172
Python Developer,Grid Logic Software Private Limited,"Hyderabad, India",https://stackoverflow.com/jobs/364555
Python Web Developer,technosoft corporation,"Chennai, India",https://stackoverflow.com/jobs/322638
Backend Software Engineer (Python / Django),Tivix,"London, UK",https://stackoverflow.com/jobs/347102
Algo Software Engineer (C++/Python),Hudson River Trading,"New York, NY",https://stackoverflow.com/jobs/187765
Junior Python Backend Developer,Finpoint,"Bengaluru, India",https://stackoverflow.com/jobs/349727
"Python Developer (m/w/d), Backend, Massendatenverarbeitung",solute GmbH,"Karlsruhe, Germany",https://stackoverflow.com/jobs/283754
Senior Backend / Python Developer (m/f/d),byrd technologies GmbH,"Berlin, Deutschland",https://stackoverflow.com/jobs/353116
Backend Developer (Python + Django),Hansel Pvt. Ltd.,"Bengaluru, India",https://stackoverflow.com/jobs/349749
Senior Software Engineer - Kubernetes/Python,HERE,"Chicago, IL, USA",https://stackoverflow.com/jobs/300510
Backend Software Engineer (Python),Finsera,No office location,https://stackoverflow.com/jobs/359294
Senior Software Engineer (Python/Django),Back Market,"Paris, France",https://stackoverflow.com/jobs/347057
PYTHON DEVELOPER,Crashmeal,"Hyderabad, India",https://stackoverflow.com/jobs/343506
Full-stack web developer (js/python),EvoCount,"Kaiserslautern, Germany",https://stackoverflow.com/jobs/290292
Python Data Engineer,StyleSage,"Madrid, Spain",https://stackoverflow.com/jobs/307161
Python Developer,freshermart,"Bengaluru, India",https://stackoverflow.com/jobs/349751
Pythonエンジニア / システムインテグレータ・ソフトハウス,株式会社 ゼロフィールド,"Minato City, Japan",https://stackoverflow.com/jobs/321979
Python and Django Developer,Vivenns,"Hyderabad, India",https://stackoverflow.com/jobs/343535
Senior Python Developer / Django,Medeaz Healthcare Systems,"Hyderabad, India",https://stackoverflow.com/jobs/364564
Python developer,2COMS Consulting Pvt.Ltd,"Hyderabad, India",https://stackoverflow.com/jobs/371981
Backend Developer (Python/Django),5 Monkeys Agency AB,"Göteborg, Sweden",https://stackoverflow.com/jobs/350286
Pythonエンジニア / Webマーケティング・ネット広告,株式会社 クレスティア,"Shibuya City, Japan",https://stackoverflow.com/jobs/369231
Senior Fullstack Developer (Python + JS),Codility,"Warsaw, Poland",https://stackoverflow.com/jobs/352618
"Full-Stack Developer (Ruby, Python)",Transfix,"New York, NY",https://stackoverflow.com/jobs/287548
Python Software Engineer (40h/wk),Channable,"Utrecht, Netherlands",https://stackoverflow.com/jobs/265091
Senior Java / Python Developer for international data analysis company,CARFAX Europe GmbH,"München, Germany",https://stackoverflow.com/jobs/255728
Backend Engineer (Python) (Munich or Madrid based),TrustYou,"München, Germany",https://stackoverflow.com/jobs/290948
Backend Software Engineer (Python/Django) at Games Studio,Brightlobe,"London, UK",https://stackoverflow.com/jobs/353628
Senior Python Software Developer (m/f/d),Gastrofix GmbH,"Berlin, Germany",https://stackoverflow.com/jobs/206108
"API Software Engineer, Python",ReCharge Payments,"Denver, CO",https://stackoverflow.com/jobs/351843
Senior Full Stack Engineer (Python),MINDBODY Inc.,"Brooklyn, NY",https://stackoverflow.com/jobs/277545
CIEL/SEL/2302: Python Developer,CIEL HR Services,"Bengaluru, India",https://stackoverflow.com/jobs/349738
Python developer,2COMS Consulting Pvt.Ltd,"Hyderabad, India",https://stackoverflow.com/jobs/371981
Backend Developer (Python/Django),5 Monkeys Agency AB,"Göteborg, Sweden",https://stackoverflow.com/jobs/350286
Pythonエンジニア / Webマーケティング・ネット広告,株式会社 クレスティア,"Shibuya City, Japan",https://stackoverflow.com/jobs/369231
Backend Software Engineer (Python/Django) at Games Studio,Brightlobe,"London, UK",https://stackoverflow.com/jobs/353628
Backend Engineer (Python) (Munich or Madrid based),TrustYou,"München, Germany",https://stackoverflow.com/jobs/290948
Senior Python Software Developer (m/f/d),Gastrofix GmbH,"Berlin, Germany",https://stackoverflow.com/jobs/206108
Fullstack Developer (Python + JS),Codility,"Warsaw, Poland",https://stackoverflow.com/jobs/341113
Python/Django Developer,Vinazin Solutions,"Hyderabad, India",https://stackoverflow.com/jobs/371961
Senior Python Developer (m/f/d),social sweethearts® GmbH,"München, Deutschland",https://stackoverflow.com/jobs/369010
Sr Python/Django Developer,Vedya Info Solutions,"Bengaluru, India",https://stackoverflow.com/jobs/349774
Python Developer (Backend),Energyworx,"Houten, Netherlands",https://stackoverflow.com/jobs/165665
(Senior) Python Developer Backend – Billing / Product,Lumenaza GmbH,"Berlin, Deutschland",https://stackoverflow.com/jobs/359016
Python Django Developer,XL Dynamics,"Navi Mumbai, India",https://stackoverflow.com/jobs/325884
Software developer - Python,BESTSELLER Tech,"Amsterdam, Netherlands",https://stackoverflow.com/jobs/357843
Python/Django Developer,"Daupler, Inc. (Techstars '18)","Kansas City, MO",https://stackoverflow.com/jobs/252969
ツール開発(Python),株式会社キャリアデザインITパートナーズ,"Shinjuku City, Japan",https://stackoverflow.com/jobs/364454
Python/Django Developer,"Scanslated, Inc.",No office location,https://stackoverflow.com/jobs/355050
Server Application Developer (Python),UrbanPiper,"Bengaluru, India",https://stackoverflow.com/jobs/349740
Python Backend Engineer (Mid-level and Senior),LeetCode,"Palo Alto, CA",https://stackoverflow.com/jobs/259675
Senior Python Developer,Creative Group,"Amsterdam, Netherlands",https://stackoverflow.com/jobs/371118
Immediate Requirement for Django Python developer,Nimap Infotech,"Mumbai, India",https://stackoverflow.com/jobs/325945
Software Consultant (Python & PostgreSQL),Energytech Global,"Hyderabad, India",https://stackoverflow.com/jobs/343477
Python Software Engineer,bloomon,"Amsterdam, Netherlands",https://stackoverflow.com/jobs/286140
Python developer,LiteBreeze,"Kochi, India",https://stackoverflow.com/jobs/360451
Pythonエンジニア / 出版・新聞・雑誌,株式会社 TORICO,"Chiyoda City, Japan",https://stackoverflow.com/jobs/309499
Full-Stack Python Engineer,Gorgias,"Paris, France",https://stackoverflow.com/jobs/333474
PAYアプリケーションエンジニア(Python),type転職エージェント,"Shibuya City, Japan",https://stackoverflow.com/jobs/309585
Python (DevOps),Diverse Lynx India,"Bengaluru, India",https://stackoverflow.com/jobs/361608
Python Developer- Machine Learning,i-exceed technology solutions private limited,"Bengaluru, India",https://stackoverflow.com/jobs/348707
Python Developer,Intelact Business Solutions,"Bengaluru, India",https://stackoverflow.com/jobs/349721
Python Developer,Security Brigade,"Mumbai, India",https://stackoverflow.com/jobs/347252
Software Engineer - C++/Python/Java,SG Digital,"Bristol, UK",https://stackoverflow.com/jobs/292014
"Software Engineer – Python, Java, Messaging",A-Line Staffing Solutions,"Durham, NC",https://stackoverflow.com/jobs/362582
Python / Django Developer (m/f/d),Gotthardt Healthgroup AG,"Heidelberg, Deutschland",https://stackoverflow.com/jobs/316326
Pythonエンジニア/出版・新聞・雑誌,株式会社 TORICO,"Chiyoda City, Japan",https://stackoverflow.com/jobs/356470
Python Developer - Django/ Flask,Karoms Software,"Bengaluru, India",https://stackoverflow.com/jobs/362949
Python Developer,Nicheton Consulting,"Bengaluru, India",https://stackoverflow.com/jobs/349736
Werkstudent Backend (München) z.B. mit Python / Java,Biz Factory GmbH,"München, Deutschland",https://stackoverflow.com/jobs/298791
Python Backend Developer (m/f/d) - Industrial Data Science and Software,Smart Steel Technologies GmbH,"Berlin, Germany",https://stackoverflow.com/jobs/334428
Python Developer,Codility,"Warsaw, Poland",https://stackoverflow.com/jobs/341117
Full Stack Developer (Python/TypeScript),Chaturbate,"Los Angeles, CA",https://stackoverflow.com/jobs/271844
Quantitative Research Engineer (Python),Hudson River Trading,"New York, NY",https://stackoverflow.com/jobs/287292
TECH LEAD - Python/Django,Vedya Info Solutions,"Bengaluru, India",https://stackoverflow.com/jobs/349798
Senior Python Developer,Codility,"Warsaw, Poland",https://stackoverflow.com/jobs/352595
Python Senior Developer,August Digital,"Bengaluru, India",https://stackoverflow.com/jobs/349792
Python Back End Engineer,Loadsmart,"Florianópolis, Brazil",https://stackoverflow.com/jobs/370893
Python/Django_Bangalore Location,Diverse Lynx India,"Bengaluru, India",https://stackoverflow.com/jobs/348713
